{
  "name": "Dogan Compliance - Adly Strict",
  "version": "1.0",
  "principles": [
    "Determinism",
    "Evidence-first",
    "Tamper-evident",
    "Zero-PII-by-default",
    "Dual-control",
    "Time-boxed waivers",
    "Least privilege",
    "Explainability",
    "Fail-closed",
    "Portability"
  ],
  "services": {
    "policy_engine": {
      "dsl": "Adly-DSL",
      "runtime": "WASM",
      "interfaces": [
        "evaluate(context) -> decision"
      ]
    },
    "evidence_collector": {
      "connectors": [
        "git",
        "ci",
        "cloud_config"
      ],
      "normalize": true
    },
    "attestation": {
      "signing": "Ed25519",
      "merkle": true,
      "anchor_external": "optional"
    },
    "audit_log": {
      "append_only": true,
      "api_verify": true
    },
    "workflow": {
      "waivers": "dual_approval",
      "sla_enforced": true
    },
    "reporting": {
      "exports": [
        "csv",
        "pdf",
        "json"
      ],
      "provenance": true
    },
    "privacy": {
      "tokenization": true,
      "field_level_encryption": true
    },
    "api": {
      "rest": true,
      "graphql": true,
      "oidc": true
    },
    "ui": {
      "console": true
    }
  },
  "acceptance_criteria_mvp": [
    1,
    2,
    3,
    4,
    5,
    6,
    7,
    8,
    9,
    10,
    11,
    12
  ]
}